Id,Label
n008-2018-05-21-11-06-59-0400__CAM_FRONT__1526915243112465.jpg,
Scene,
Parking Area,
TimeOfDay,
Daytime,
Weather,
Clear,
RoadConditions,
Dry,
LaneInformation,
NumberOfLanes,
1,
LaneMarkings,
Not Visible,
SpecialLanes,
Street Parking,
TrafficSigns,
Types,
None,
Visibility,
Vehicles,
TotalNumber,
Multiple,
InMotion,
False,
VehicleTypes,
Pickup Truck,
Vans,
Sedan,
SUV,
States,
Parked,
Pedestrians,
Directionality,
One-Way,
Ego-Vehicle,
Direction,
Forward,
Maneuver,
Moving,
General,
Good,
SpecificImpairments,
Shadows,
CameraCondition,
Severity,
2,
n008-2018-05-21-11-06-59-0400__CAM_FRONT__1526915245362465.jpg,
Commercial,
Sunny,
Not Clearly Visible,
Two-Way,
n008-2018-05-21-11-06-59-0400__CAM_FRONT__1526915252112465.jpg,
True,
In Motion,
3,
n008-2018-05-21-11-06-59-0400__CAM_FRONT__1526915256662465.jpg,
Van,
n008-2018-05-21-11-06-59-0400__CAM_FRONT__1526915260012465.jpg,
n008-2018-05-21-11-06-59-0400__CAM_FRONT__1526915267162465.jpg,
Visible on Sidewalk,
n008-2018-05-21-11-06-59-0400__CAM_FRONT__1526915272362465.jpg,
Industrial,
2,
Visible,
n008-2018-05-21-11-06-59-0400__CAM_FRONT__1526915272912465.jpg,
Making a Right Turn,
Turning right,
n008-2018-05-21-11-06-59-0400__CAM_FRONT__1526915275362465.jpg,
n008-2018-05-21-11-06-59-0400__CAM_FRONT__1526915276612465.jpg,
n008-2018-05-21-11-06-59-0400__CAM_FRONT__1526915277612465.jpg,
n008-2018-05-21-11-06-59-0400__CAM_FRONT__1526915279362465.jpg,
n008-2018-05-21-11-06-59-0400__CAM_FRONT__1526915283512465.jpg,
n008-2018-05-21-11-06-59-0400__CAM_FRONT__1526915293762465.jpg,
n008-2018-05-21-11-06-59-0400__CAM_FRONT__1526915296512465.jpg,
Pedestrian Crossing,
Truck,
n008-2018-05-21-11-06-59-0400__CAM_FRONT__1526915297762465.jpg,
n008-2018-05-21-11-06-59-0400__CAM_FRONT__1526915319662465.jpg,
Directional Sign,
Few,
n008-2018-05-21-11-06-59-0400__CAM_FRONT__1526915320362465.jpg,
n008-2018-05-21-11-06-59-0400__CAM_FRONT__1526915321162465.jpg,
n008-2018-05-21-11-06-59-0400__CAM_FRONT__1526915322762465.jpg,
n008-2018-05-21-11-06-59-0400__CAM_FRONT__1526915324662465.jpg,
Direction Sign,
Truck Route,
Turning,
n008-2018-05-21-11-06-59-0400__CAM_FRONT__1526915326662465.jpg,
n008-2018-05-21-11-06-59-0400__CAM_FRONT__1526915327662465.jpg,
No Parking Sign,
n008-2018-05-21-11-06-59-0400__CAM_FRONT__1526915330912465.jpg,
Not Applicable,
n008-2018-05-21-11-06-59-0400__CAM_FRONT__1526915333362465.jpg,
n008-2018-05-21-11-06-59-0400__CAM_FRONT__1526915334362465.jpg,
n008-2018-05-21-11-06-59-0400__CAM_FRONT__1526915335412465.jpg,
n008-2018-05-21-11-06-59-0400__CAM_FRONT__1526915336862465.jpg,
n008-2018-05-21-11-06-59-0400__CAM_FRONT__1526915355662465.jpg,
n008-2018-05-21-11-06-59-0400__CAM_FRONT__1526915356362465.jpg,
n008-2018-05-21-11-06-59-0400__CAM_FRONT__1526915361112465.jpg,
Construction Sign,
Construction Vehicles,
4,
n008-2018-05-21-11-06-59-0400__CAM_FRONT__1526915364512465.jpg,
7,
n008-2018-05-21-11-06-59-0400__CAM_FRONT__1526915366162465.jpg,
n008-2018-05-21-11-06-59-0400__CAM_FRONT__1526915369612465.jpg,
Construction,
Road Work Ahead,
Slowing Down,
Reduced,
Obstructed,
8,
n008-2018-05-21-11-06-59-0400__CAM_FRONT__1526915375862465.jpg,
9,
n008-2018-05-21-11-06-59-0400__CAM_FRONT__1526915376362465.jpg,
n008-2018-05-21-11-06-59-0400__CAM_FRONT__1526915377912465.jpg,
Service Vehicle,
NoImpairments,
n008-2018-05-21-11-06-59-0400__CAM_FRONT__1526915379112465.jpg,
Crosswalk,
Utility Truck,
n008-2018-05-21-11-06-59-0400__CAM_FRONT__1526915381112465.jpg,
n008-2018-05-21-11-06-59-0400__CAM_FRONT__1526915383262465.jpg,
One Way,
Compact Car,
n008-2018-05-21-11-06-59-0400__CAM_FRONT__1526915385862466.jpg,
5,
n008-2018-05-21-11-06-59-0400__CAM_FRONT__1526915388662465.jpg,
Stop Sign,
Cars,
n008-2018-05-21-11-06-59-0400__CAM_FRONT__1526915389662465.jpg,
n008-2018-05-21-11-06-59-0400__CAM_FRONT__1526915392362465.jpg,
n008-2018-05-21-11-06-59-0400__CAM_FRONT__1526915413262465.jpg,
Commercial Delivery Truck,
n008-2018-05-21-11-06-59-0400__CAM_FRONT__1526915414162465.jpg,
n008-2018-05-21-11-06-59-0400__CAM_FRONT__1526915414612465.jpg,
n008-2018-05-21-11-06-59-0400__CAM_FRONT__1526915416412465.jpg,
n008-2018-05-21-11-06-59-0400__CAM_FRONT__1526915418262465.jpg,
"Trucks, Cars",
n008-2018-05-21-11-06-59-0400__CAM_FRONT__1526915420662465.jpg,
n008-2018-05-21-11-06-59-0400__CAM_FRONT__1526915423662465.jpg,
"Cars, SUVs",
n008-2018-05-21-11-06-59-0400__CAM_FRONT__1526915427012465.jpg,
n008-2018-05-21-11-06-59-0400__CAM_FRONT__1526915430512465.jpg,
n008-2018-05-21-11-06-59-0400__CAM_FRONT__1526915456112465.jpg,
Speed Limit,
n008-2018-05-21-11-06-59-0400__CAM_FRONT__1526915458012465.jpg,
Urban,
Parking Sign,
n008-2018-05-21-11-06-59-0400__CAM_FRONT__1526915459162465.jpg,
Bike Lane,
n008-2018-05-21-11-06-59-0400__CAM_FRONT__1526915463262465.jpg,
n008-2018-05-21-11-06-59-0400__CAM_FRONT__1526915467862465.jpg,
n008-2018-05-21-11-06-59-0400__CAM_FRONT__1526915468862465.jpg,
n008-2018-05-21-11-06-59-0400__CAM_FRONT__1526915619512465.jpg,
1,
n008-2018-05-21-11-06-59-0400__CAM_FRONT__1526915624512465.jpg,
Commercial Truck,
Waiting,
n008-2018-05-21-11-06-59-0400__CAM_FRONT__1526915631762465.jpg,
6,
n008-2018-05-21-11-06-59-0400__CAM_FRONT__1526915638112465.jpg,
n008-2018-05-21-11-06-59-0400__CAM_FRONT__1526915642362465.jpg,
n008-2018-05-21-11-06-59-0400__CAM_FRONT__1526915646262465.jpg,
n008-2018-05-21-11-06-59-0400__CAM_FRONT__1526915647412465.jpg,
n008-2018-05-21-11-06-59-0400__CAM_FRONT__1526915648662465.jpg,
n008-2018-05-21-11-06-59-0400__CAM_FRONT__1526915650762465.jpg,
n008-2018-05-21-11-06-59-0400__CAM_FRONT__1526915652012465.jpg,
n008-2018-05-21-11-06-59-0400__CAM_FRONT__1526915654162465.jpg,
Commercial Vehicles,
n008-2018-05-21-11-06-59-0400__CAM_FRONT__1526915661162468.jpg,
Bus,
n008-2018-05-21-11-06-59-0400__CAM_FRONT__1526915665362465.jpg,
SignNotVisible,
Blocking Parts of the Road,
Stopped,
n008-2018-05-21-11-06-59-0400__CAM_FRONT__1526915666512465.jpg,
Cars/SUVs,
n008-2018-05-21-11-06-59-0400__CAM_FRONT__1526915669162465.jpg,
NoSign,
n008-2018-05-21-11-06-59-0400__CAM_FRONT__1526915674162465.jpg,
n008-2018-05-21-11-06-59-0400__CAM_FRONT__1526915683512465.jpg,
No Right Turn,
n008-2018-05-21-11-06-59-0400__CAM_FRONT__1526915687112465.jpg,
n008-2018-05-21-11-06-59-0400__CAM_FRONT__1526915688612465.jpg,
Approaching Intersection,
n008-2018-05-21-11-06-59-0400__CAM_FRONT__1526915690112465.jpg,
Stopped at Intersection,
n008-2018-05-21-11-06-59-0400__CAM_FRONT__1526915692862465.jpg,
n008-2018-05-21-11-06-59-0400__CAM_FRONT__1526915693512465.jpg,
n008-2018-05-21-11-06-59-0400__CAM_FRONT__1526915696262465.jpg,
n008-2018-05-21-11-06-59-0400__CAM_FRONT__1526915698662465.jpg,
Making a Left Turn,
n008-2018-05-21-11-06-59-0400__CAM_FRONT__1526915701012465.jpg,
Commercial Vehicle,
n008-2018-05-21-11-06-59-0400__CAM_FRONT__1526915705112465.jpg,
No Parking,
n008-2018-05-21-11-06-59-0400__CAM_FRONT__1526915705862465.jpg,
n008-2018-05-21-11-06-59-0400__CAM_FRONT__1526915708012465.jpg,
n008-2018-05-21-11-06-59-0400__CAM_FRONT__1526915713262465.jpg,
Minivan,
n008-2018-05-21-11-06-59-0400__CAM_FRONT__1526915715162465.jpg,
Trucks,
Sedans,
n008-2018-05-21-11-06-59-0400__CAM_FRONT__1526915719414339.jpg,
n008-2018-05-21-11-06-59-0400__CAM_FRONT__1526915720362465.jpg,
n008-2018-05-21-11-06-59-0400__CAM_FRONT__1526915726362465.jpg,
n008-2018-05-21-11-06-59-0400__CAM_FRONT__1526915727112465.jpg,
n008-2018-05-21-11-06-59-0400__CAM_FRONT__1526915728162465.jpg,
n008-2018-05-21-11-06-59-0400__CAM_FRONT__1526915736162465.jpg,
n008-2018-05-21-11-06-59-0400__CAM_FRONT__1526915736662465.jpg,
n008-2018-05-21-11-06-59-0400__CAM_FRONT__1526915738362465.jpg,
n008-2018-05-21-11-06-59-0400__CAM_FRONT__1526915778012465.jpg,
n008-2018-05-21-11-06-59-0400__CAM_FRONT__1526915783012465.jpg,
n008-2018-05-21-11-06-59-0400__CAM_FRONT__1526915785512465.jpg,
n008-2018-05-21-11-06-59-0400__CAM_FRONT__1526915786412465.jpg,
n008-2018-05-21-11-06-59-0400__CAM_FRONT__1526915788512465.jpg,
n008-2018-05-21-11-06-59-0400__CAM_FRONT__1526915790512465.jpg,
n008-2018-05-21-11-06-59-0400__CAM_FRONT__1526915792612465.jpg,
n008-2018-05-21-11-06-59-0400__CAM_FRONT__1526915793862465.jpg,
n008-2018-07-26-12-13-50-0400__CAM_FRONT__1532621690862404.jpg,
Overcast,
n008-2018-07-26-12-13-50-0400__CAM_FRONT__1532621695362404.jpg,
n008-2018-07-26-12-13-50-0400__CAM_FRONT__1532621697112404.jpg,
n008-2018-07-26-12-13-50-0400__CAM_FRONT__1532621700912404.jpg,
n008-2018-07-26-12-13-50-0400__CAM_FRONT__1532621704512404.jpg,
n008-2018-07-26-12-13-50-0400__CAM_FRONT__1532621704762404.jpg,
n008-2018-07-26-12-13-50-0400__CAM_FRONT__1532621705362404.jpg,
n008-2018-07-26-12-13-50-0400__CAM_FRONT__1532621752012405.jpg,
Cloudy,
Two-Way Traffic,
n008-2018-07-26-12-13-50-0400__CAM_FRONT__1532621753612404.jpg,
n008-2018-07-26-12-13-50-0400__CAM_FRONT__1532621756862404.jpg,
n008-2018-07-26-12-13-50-0400__CAM_FRONT__1532621761912404.jpg,
n008-2018-07-26-12-13-50-0400__CAM_FRONT__1532621766512404.jpg,
n008-2018-07-26-12-13-50-0400__CAM_FRONT__1532621767012404.jpg,
n008-2018-07-26-12-13-50-0400__CAM_FRONT__1532621789912404.jpg,
n008-2018-07-26-12-13-50-0400__CAM_FRONT__1532621791912411.jpg,
n008-2018-07-26-12-13-50-0400__CAM_FRONT__1532621795412404.jpg,
n008-2018-07-26-12-13-50-0400__CAM_FRONT__1532621798762404.jpg,
n008-2018-07-26-12-13-50-0400__CAM_FRONT__1532621799862404.jpg,
Railroad Crossing,
n008-2018-07-26-12-13-50-0400__CAM_FRONT__1532621801762404.jpg,
n008-2018-07-26-12-13-50-0400__CAM_FRONT__1532621802862404.jpg,
n008-2018-07-26-12-13-50-0400__CAM_FRONT__1532621806262404.jpg,
n008-2018-07-26-12-13-50-0400__CAM_FRONT__1532621814612404.jpg,
n008-2018-07-26-12-13-50-0400__CAM_FRONT__1532621816112404.jpg,
n008-2018-07-26-12-13-50-0400__CAM_FRONT__1532621818162404.jpg,
Crossing Street,
n008-2018-07-26-12-13-50-0400__CAM_FRONT__1532621818612404.jpg,
n008-2018-07-26-12-13-50-0400__CAM_FRONT__1532621819162404.jpg,
n008-2018-07-26-12-13-50-0400__CAM_FRONT__1532621821412404.jpg,
n008-2018-07-26-12-13-50-0400__CAM_FRONT__1532621822012404.jpg,
n008-2018-07-26-12-13-50-0400__CAM_FRONT__1532621824262404.jpg,
n008-2018-07-26-12-13-50-0400__CAM_FRONT__1532621827862404.jpg,
n008-2018-07-26-12-13-50-0400__CAM_FRONT__1532621830912404.jpg,
n008-2018-07-26-12-13-50-0400__CAM_FRONT__1532621858862404.jpg,
n008-2018-07-26-12-13-50-0400__CAM_FRONT__1532621860362404.jpg,
n008-2018-07-26-12-13-50-0400__CAM_FRONT__1532621861912404.jpg,
n008-2018-07-26-12-13-50-0400__CAM_FRONT__1532621862762404.jpg,
n008-2018-07-26-12-13-50-0400__CAM_FRONT__1532621863512404.jpg,
n008-2018-07-26-12-13-50-0400__CAM_FRONT__1532621865762404.jpg,
n008-2018-07-26-12-13-50-0400__CAM_FRONT__1532621867662404.jpg,
n008-2018-07-26-12-13-50-0400__CAM_FRONT__1532621867862404.jpg,
Overcast Weather,
n008-2018-07-26-12-13-50-0400__CAM_FRONT__1532621876512404.jpg,
n008-2018-07-26-12-13-50-0400__CAM_FRONT__1532621915912404.jpg,
Many,
Car,
Moderate,
Cloudy Weather,
n008-2018-07-26-12-13-50-0400__CAM_FRONT__1532621917512404.jpg,
Partly Cloudy,
n008-2018-07-26-12-13-50-0400__CAM_FRONT__1532621921912404.jpg,
Delivery Truck,
In Queue,
n008-2018-07-26-12-13-50-0400__CAM_FRONT__1532621924762404.jpg,
n008-2018-07-26-12-13-50-0400__CAM_FRONT__1532621933662404.jpg,
"Bike Lane, Crosswalk",
n008-2018-07-26-12-13-50-0400__CAM_FRONT__1532621935612404.jpg,
n008-2018-07-26-12-13-50-0400__CAM_FRONT__1532621936362404.jpg,
n008-2018-07-26-12-13-50-0400__CAM_FRONT__1532621940262404.jpg,
n008-2018-07-26-12-13-50-0400__CAM_FRONT__1532621942512404.jpg,
n008-2018-07-26-12-13-50-0400__CAM_FRONT__1532621944262404.jpg,
n008-2018-07-26-12-13-50-0400__CAM_FRONT__1532621951662404.jpg,
Trailer,
n008-2018-07-26-12-13-50-0400__CAM_FRONT__1532621953012404.jpg,
Right Turn Only Lane,
n008-2018-07-26-12-13-50-0400__CAM_FRONT__1532621974912404.jpg,
Road Work,
Unknown,
n008-2018-07-26-12-13-50-0400__CAM_FRONT__1532621975662404.jpg,
Box Truck,
Multi-directional with median,
n008-2018-07-26-12-13-50-0400__CAM_FRONT__1532621981762404.jpg,
n008-2018-07-26-12-13-50-0400__CAM_FRONT__1532621984112404.jpg,
n008-2018-07-26-12-13-50-0400__CAM_FRONT__1532621988262404.jpg,
Semi-Trailer Truck,
n008-2018-07-26-12-13-50-0400__CAM_FRONT__1532621990112404.jpg,
n008-2018-07-26-12-13-50-0400__CAM_FRONT__1532621997662404.jpg,
n008-2018-07-26-12-13-50-0400__CAM_FRONT__1532622000262404.jpg,
n008-2018-07-26-12-13-50-0400__CAM_FRONT__1532622001662404.jpg,
n008-2018-07-26-12-13-50-0400__CAM_FRONT__1532622003262404.jpg,
n008-2018-07-26-12-13-50-0400__CAM_FRONT__1532622005762404.jpg,
Construction Vehicle,
n008-2018-07-26-12-13-50-0400__CAM_FRONT__1532622007512404.jpg,
n008-2018-07-26-12-13-50-0400__CAM_FRONT__1532622010513662.jpg,
n008-2018-07-26-12-13-50-0400__CAM_FRONT__1532622011162404.jpg,
n008-2018-07-26-12-13-50-0400__CAM_FRONT__1532622011862404.jpg,
n008-2018-07-26-12-13-50-0400__CAM_FRONT__1532622012412404.jpg,
n008-2018-07-26-12-13-50-0400__CAM_FRONT__1532622017762404.jpg,
n008-2018-07-26-12-13-50-0400__CAM_FRONT__1532622019362404.jpg,
n008-2018-07-26-12-13-50-0400__CAM_FRONT__1532622024362404.jpg,
n008-2018-07-26-12-13-50-0400__CAM_FRONT__1532622028362404.jpg,
n008-2018-07-26-12-13-50-0400__CAM_FRONT__1532622029412404.jpg,
n008-2018-07-26-12-13-50-0400__CAM_FRONT__1532622031412404.jpg,
n008-2018-07-26-12-13-50-0400__CAM_FRONT__1532622065262404.jpg,
n008-2018-07-26-12-13-50-0400__CAM_FRONT__1532622065662404.jpg,
Semi Truck,
n008-2018-07-26-12-13-50-0400__CAM_FRONT__1532622068662404.jpg,
n008-2018-07-26-12-13-50-0400__CAM_FRONT__1532622072012404.jpg,
Detour,
Motorcycle,
n008-2018-07-26-12-13-50-0400__CAM_FRONT__1532622072262404.jpg,
n008-2018-07-26-12-13-50-0400__CAM_FRONT__1532622073662414.jpg,
n008-2018-07-26-12-13-50-0400__CAM_FRONT__1532622076362404.jpg,
n008-2018-07-26-12-13-50-0400__CAM_FRONT__1532622077662404.jpg,
n008-2018-07-26-12-13-50-0400__CAM_FRONT__1532622080112404.jpg,
n008-2018-07-26-12-13-50-0400__CAM_FRONT__1532622140162404.jpg,
n008-2018-07-26-12-13-50-0400__CAM_FRONT__1532622142612404.jpg,
Animals,
Type,
Bird,
State,
Crossing Road,
n008-2018-07-26-12-13-50-0400__CAM_FRONT__1532622145914198.jpg,
TrafficLightState,
n008-2018-07-26-12-13-50-0400__CAM_FRONT__1532622149912404.jpg,
n008-2018-07-26-12-13-50-0400__CAM_FRONT__1532622152262404.jpg,
n008-2018-07-26-12-13-50-0400__CAM_FRONT__1532622152762404.jpg,
n008-2018-07-26-12-13-50-0400__CAM_FRONT__1532622154012404.jpg,
n008-2018-07-26-12-13-50-0400__CAM_FRONT__1532622234762411.jpg,
n008-2018-07-26-12-13-50-0400__CAM_FRONT__1532622236362405.jpg,
n008-2018-07-26-12-13-50-0400__CAM_FRONT__1532622238112404.jpg,
n008-2018-07-26-12-13-50-0400__CAM_FRONT__1532622239412404.jpg,
n008-2018-07-26-12-13-50-0400__CAM_FRONT__1532622245262404.jpg,
n008-2018-07-27-12-07-38-0400__CAM_FRONT__1532707723862404.jpg,
n008-2018-07-27-12-07-38-0400__CAM_FRONT__1532707726912404.jpg,
n008-2018-07-27-12-07-38-0400__CAM_FRONT__1532707727662404.jpg,
n008-2018-07-27-12-07-38-0400__CAM_FRONT__1532707733612404.jpg,
n008-2018-07-27-12-07-38-0400__CAM_FRONT__1532707735362404.jpg,
n008-2018-07-27-12-07-38-0400__CAM_FRONT__1532707739512404.jpg,
n008-2018-07-27-12-07-38-0400__CAM_FRONT__1532707768412404.jpg,
n008-2018-07-27-12-07-38-0400__CAM_FRONT__1532707769512404.jpg,
NoTrafficSigns,
n008-2018-07-27-12-07-38-0400__CAM_FRONT__1532707770512404.jpg,
n008-2018-07-27-12-07-38-0400__CAM_FRONT__1532707771862404.jpg,
n008-2018-07-27-12-07-38-0400__CAM_FRONT__1532707772912404.jpg,
n008-2018-07-27-12-07-38-0400__CAM_FRONT__1532707778512404.jpg,
n008-2018-07-27-12-07-38-0400__CAM_FRONT__1532707780012404.jpg,
White Sedan,
n008-2018-07-27-12-07-38-0400__CAM_FRONT__1532707781512404.jpg,
n008-2018-07-27-12-07-38-0400__CAM_FRONT__1532707783112404.jpg,
n008-2018-07-27-12-07-38-0400__CAM_FRONT__1532707811112404.jpg,
n008-2018-07-27-12-07-38-0400__CAM_FRONT__1532707812612404.jpg,
n008-2018-07-27-12-07-38-0400__CAM_FRONT__1532707818112404.jpg,
n008-2018-07-27-12-07-38-0400__CAM_FRONT__1532707819612404.jpg,
n008-2018-07-27-12-07-38-0400__CAM_FRONT__1532707822112404.jpg,
n008-2018-07-27-12-07-38-0400__CAM_FRONT__1532707823512404.jpg,
n008-2018-07-27-12-07-38-0400__CAM_FRONT__1532707825412404.jpg,
Taxi,
n008-2018-07-27-12-07-38-0400__CAM_FRONT__1532707857262404.jpg,
n008-2018-07-27-12-07-38-0400__CAM_FRONT__1532707859162404.jpg,
n008-2018-07-27-12-07-38-0400__CAM_FRONT__1532707863162404.jpg,
Policeman,
Presence,
Directing Traffic,
n008-2018-07-27-12-07-38-0400__CAM_FRONT__1532707867612404.jpg,
n008-2018-07-27-12-07-38-0400__CAM_FRONT__1532707868762404.jpg,
n008-2018-07-27-12-07-38-0400__CAM_FRONT__1532707873512404.jpg,
n008-2018-07-27-12-07-38-0400__CAM_FRONT__1532707920262404.jpg,
Intersection,
Traffic Light,
Red,
n008-2018-07-27-12-07-38-0400__CAM_FRONT__1532707921662404.jpg,
n008-2018-07-27-12-07-38-0400__CAM_FRONT__1532707923912404.jpg,
n008-2018-07-27-12-07-38-0400__CAM_FRONT__1532707925112404.jpg,
n008-2018-07-27-12-07-38-0400__CAM_FRONT__1532707925862404.jpg,
n008-2018-07-27-12-07-38-0400__CAM_FRONT__1532707928262404.jpg,
n008-2018-07-27-12-07-38-0400__CAM_FRONT__1532707930262404.jpg,
n008-2018-07-27-12-07-38-0400__CAM_FRONT__1532707931512404.jpg,
n008-2018-07-27-12-07-38-0400__CAM_FRONT__1532707934912404.jpg,
n008-2018-07-27-12-07-38-0400__CAM_FRONT__1532707961862404.jpg,
n008-2018-07-27-12-07-38-0400__CAM_FRONT__1532707964262404.jpg,
n008-2018-07-27-12-07-38-0400__CAM_FRONT__1532707977412404.jpg,
Green,
n008-2018-07-27-12-07-38-0400__CAM_FRONT__1532707978912404.jpg,
n008-2018-07-27-12-07-38-0400__CAM_FRONT__1532708005112404.jpg,
n008-2018-07-27-12-07-38-0400__CAM_FRONT__1532708007162405.jpg,
3,
n008-2018-07-27-12-07-38-0400__CAM_FRONT__1532708008762404.jpg,
n008-2018-07-27-12-07-38-0400__CAM_FRONT__1532708011662404.jpg,
n008-2018-07-27-12-07-38-0400__CAM_FRONT__1532708017012404.jpg,
n008-2018-07-27-12-07-38-0400__CAM_FRONT__1532708018412404.jpg,
n008-2018-07-27-12-07-38-0400__CAM_FRONT__1532708049762413.jpg,
Following,
n008-2018-07-27-12-07-38-0400__CAM_FRONT__1532708053362404.jpg,
No Left Turn,
n008-2018-07-27-12-07-38-0400__CAM_FRONT__1532708056862404.jpg,
No Turn on Red,
n008-2018-07-27-12-07-38-0400__CAM_FRONT__1532708058612404.jpg,
n008-2018-07-27-12-07-38-0400__CAM_FRONT__1532708066112404.jpg,
n008-2018-07-27-12-07-38-0400__CAM_FRONT__1532708066512404.jpg,
n008-2018-07-27-12-07-38-0400__CAM_FRONT__1532708166362404.jpg,
n008-2018-07-27-12-07-38-0400__CAM_FRONT__1532708168662404.jpg,
Left Lane Must Turn Left,
n008-2018-07-27-12-07-38-0400__CAM_FRONT__1532708175862404.jpg,
n008-2018-07-27-12-07-38-0400__CAM_FRONT__1532708177662404.jpg,
n008-2018-07-27-12-07-38-0400__CAM_FRONT__1532708179162404.jpg,
n008-2018-07-27-12-07-38-0400__CAM_FRONT__1532708181612404.jpg,
n008-2018-07-27-12-07-38-0400__CAM_FRONT__1532708182362404.jpg,
n008-2018-07-27-12-07-38-0400__CAM_FRONT__1532708185112404.jpg,
n008-2018-07-27-12-07-38-0400__CAM_FRONT__1532708198412404.jpg,
n008-2018-07-27-12-07-38-0400__CAM_FRONT__1532708202512404.jpg,
n008-2018-07-27-12-07-38-0400__CAM_FRONT__1532708209262404.jpg,
n008-2018-07-27-12-07-38-0400__CAM_FRONT__1532708211262404.jpg,
n008-2018-07-27-12-07-38-0400__CAM_FRONT__1532708212362404.jpg,
n008-2018-07-27-12-07-38-0400__CAM_FRONT__1532708213512404.jpg,
n008-2018-07-27-12-07-38-0400__CAM_FRONT__1532708215112404.jpg,
n008-2018-07-27-12-07-38-0400__CAM_FRONT__1532708217512404.jpg,
n008-2018-07-27-12-07-38-0400__CAM_FRONT__1532708217762404.jpg,
n008-2018-07-27-12-07-38-0400__CAM_FRONT__1532708219612404.jpg,
n008-2018-07-27-12-07-38-0400__CAM_FRONT__1532708220662404.jpg,
n008-2018-07-27-12-07-38-0400__CAM_FRONT__1532708224112404.jpg,
n008-2018-07-27-12-07-38-0400__CAM_FRONT__1532708233512404.jpg,
n008-2018-07-27-12-07-38-0400__CAM_FRONT__1532708235262404.jpg,
n008-2018-07-27-12-07-38-0400__CAM_FRONT__1532708239912404.jpg,
n008-2018-07-27-12-07-38-0400__CAM_FRONT__1532708317662404.jpg,
Divided,
n008-2018-07-27-12-07-38-0400__CAM_FRONT__1532708320412404.jpg,
Bicycle,
n008-2018-07-27-12-07-38-0400__CAM_FRONT__1532708322862404.jpg,
n008-2018-07-27-12-07-38-0400__CAM_FRONT__1532708325362404.jpg,
n008-2018-07-27-12-07-38-0400__CAM_FRONT__1532708326162404.jpg,
Hatchback,
n008-2018-07-27-12-07-38-0400__CAM_FRONT__1532708327662404.jpg,
n008-2018-07-27-12-07-38-0400__CAM_FRONT__1532708330412404.jpg,
n008-2018-07-27-12-07-38-0400__CAM_FRONT__1532708331662404.jpg,
Stopping,
n008-2018-07-27-12-07-38-0400__CAM_FRONT__1532708383612404.jpg,
n008-2018-07-27-12-07-38-0400__CAM_FRONT__1532708430412404.jpg,
n008-2018-07-27-12-07-38-0400__CAM_FRONT__1532708431162404.jpg,
Violate Traffic Rules,
n008-2018-07-27-12-07-38-0400__CAM_FRONT__1532708435512404.jpg,
Ambulance,
n008-2018-07-27-12-07-38-0400__CAM_FRONT__1532708436112404.jpg,
n008-2018-07-27-12-07-38-0400__CAM_FRONT__1532708438012413.jpg,
n008-2018-07-27-12-07-38-0400__CAM_FRONT__1532708440612404.jpg,
n008-2018-07-27-12-07-38-0400__CAM_FRONT__1532708441162404.jpg,
n008-2018-07-27-12-07-38-0400__CAM_FRONT__1532708446612404.jpg,
n008-2018-07-27-12-07-38-0400__CAM_FRONT__1532708448162404.jpg,
n008-2018-07-27-12-07-38-0400__CAM_FRONT__1532708450912404.jpg,
n008-2018-07-27-12-07-38-0400__CAM_FRONT__1532708452862404.jpg,
n008-2018-07-27-12-07-38-0400__CAM_FRONT__1532708454112404.jpg,
n008-2018-07-27-12-07-38-0400__CAM_FRONT__1532708459862404.jpg,
n008-2018-07-27-12-07-38-0400__CAM_FRONT__1532708461512404.jpg,
n008-2018-07-27-12-07-38-0400__CAM_FRONT__1532708465662404.jpg,
Yield Sign,
Visible on Sidewalk and Crossing,
n008-2018-07-27-12-07-38-0400__CAM_FRONT__1532708537862415.jpg,
n008-2018-07-27-12-07-38-0400__CAM_FRONT__1532708539012404.jpg,
n008-2018-07-27-12-07-38-0400__CAM_FRONT__1532708540862404.jpg,
Bus Lane,
Limited,
ObstructedView,
n008-2018-07-27-12-07-38-0400__CAM_FRONT__1532708541662404.jpg,
n008-2018-07-27-12-07-38-0400__CAM_FRONT__1532708543862404.jpg,
n008-2018-07-27-12-07-38-0400__CAM_FRONT__1532708550512404.jpg,
n008-2018-07-27-12-07-38-0400__CAM_FRONT__1532708551262404.jpg,
n008-2018-07-27-12-07-38-0400__CAM_FRONT__1532708592362404.jpg,
n008-2018-07-27-12-07-38-0400__CAM_FRONT__1532708594362404.jpg,
n008-2018-07-27-12-07-38-0400__CAM_FRONT__1532708595112404.jpg,
n008-2018-07-27-12-07-38-0400__CAM_FRONT__1532708597112404.jpg,
n008-2018-07-27-12-07-38-0400__CAM_FRONT__1532708631512944.jpg,
n008-2018-07-27-12-07-38-0400__CAM_FRONT__1532708632162404.jpg,
n008-2018-07-27-12-07-38-0400__CAM_FRONT__1532708641012404.jpg,
n008-2018-07-27-12-07-38-0400__CAM_FRONT__1532708641262404.jpg,
n008-2018-07-27-12-07-38-0400__CAM_FRONT__1532708647662404.jpg,
n008-2018-07-27-12-07-38-0400__CAM_FRONT__1532708666762404.jpg,
n008-2018-07-27-12-07-38-0400__CAM_FRONT__1532708670262404.jpg,
n008-2018-07-27-12-07-38-0400__CAM_FRONT__1532708672112404.jpg,
n008-2018-07-27-12-07-38-0400__CAM_FRONT__1532708675662404.jpg,
n008-2018-07-27-12-07-38-0400__CAM_FRONT__1532708682662404.jpg,
Interacting with Vehicle,
n008-2018-07-27-12-07-38-0400__CAM_FRONT__1532708683262404.jpg,
n008-2018-07-27-12-07-38-0400__CAM_FRONT__1532708685362404.jpg,
n008-2018-07-27-12-07-38-0400__CAM_FRONT__1532708686412404.jpg,
n008-2018-07-27-12-07-38-0400__CAM_FRONT__1532708687262404.jpg,
n008-2018-07-27-12-07-38-0400__CAM_FRONT__1532708691162404.jpg,
n008-2018-07-27-12-07-38-0400__CAM_FRONT__1532708692762404.jpg,
n008-2018-07-27-12-07-38-0400__CAM_FRONT__1532708693912404.jpg,
n008-2018-07-27-12-07-38-0400__CAM_FRONT__1532708699762404.jpg,
Merging left,
n008-2018-07-27-12-07-38-0400__CAM_FRONT__1532708701012404.jpg,
n008-2018-07-27-12-07-38-0400__CAM_FRONT__1532708704512404.jpg,
n008-2018-07-27-12-07-38-0400__CAM_FRONT__1532708706662404.jpg,
n008-2018-07-27-12-07-38-0400__CAM_FRONT__1532708714612404.jpg,
n008-2018-07-27-12-07-38-0400__CAM_FRONT__1532708715512404.jpg,
n008-2018-08-01-15-16-36-0400__CAM_FRONT__1533151061612404.jpg,
n008-2018-08-01-15-16-36-0400__CAM_FRONT__1533151070262404.jpg,
n008-2018-08-01-15-16-36-0400__CAM_FRONT__1533151074612404.jpg,
n008-2018-08-01-15-16-36-0400__CAM_FRONT__1533151075412404.jpg,
n008-2018-08-01-15-16-36-0400__CAM_FRONT__1533151077012404.jpg,
n008-2018-08-01-15-16-36-0400__CAM_FRONT__1533151077662404.jpg,
n008-2018-08-01-15-16-36-0400__CAM_FRONT__1533151079362404.jpg,
n008-2018-08-01-15-16-36-0400__CAM_FRONT__1533151184112404.jpg,
n008-2018-08-01-15-16-36-0400__CAM_FRONT__1533151188612404.jpg,
4,
Bus Stop,
n008-2018-08-01-15-16-36-0400__CAM_FRONT__1533151190862404.jpg,
n008-2018-08-01-15-16-36-0400__CAM_FRONT__1533151197262404.jpg,
n008-2018-08-01-15-16-36-0400__CAM_FRONT__1533151199762404.jpg,
n008-2018-08-01-15-16-36-0400__CAM_FRONT__1533151203612404.jpg,
n008-2018-08-01-15-16-36-0400__CAM_FRONT__1533151205112404.jpg,
n008-2018-08-01-15-16-36-0400__CAM_FRONT__1533151207112404.jpg,
n008-2018-08-01-15-16-36-0400__CAM_FRONT__1533151210662404.jpg,
n008-2018-08-01-15-16-36-0400__CAM_FRONT__1533151212012404.jpg,
n008-2018-08-01-15-16-36-0400__CAM_FRONT__1533151213762404.jpg,
n008-2018-08-01-15-16-36-0400__CAM_FRONT__1533151215762404.jpg,
n008-2018-08-01-15-16-36-0400__CAM_FRONT__1533151217512404.jpg,
n008-2018-08-01-15-16-36-0400__CAM_FRONT__1533151221112404.jpg,
n008-2018-08-01-15-16-36-0400__CAM_FRONT__1533151222262404.jpg,
Visible on Crosswalk,
n008-2018-08-01-15-16-36-0400__CAM_FRONT__1533151222762404.jpg,
n008-2018-08-01-15-16-36-0400__CAM_FRONT__1533151249862404.jpg,
n008-2018-08-01-15-16-36-0400__CAM_FRONT__1533151251412404.jpg,
n008-2018-08-01-15-16-36-0400__CAM_FRONT__1533151255162404.jpg,
n008-2018-08-01-15-16-36-0400__CAM_FRONT__1533151257912404.jpg,
n008-2018-08-01-15-16-36-0400__CAM_FRONT__1533151261762404.jpg,
n008-2018-08-01-15-16-36-0400__CAM_FRONT__1533151266012404.jpg,
n008-2018-08-01-15-16-36-0400__CAM_FRONT__1533151266762404.jpg,
n008-2018-08-01-15-16-36-0400__CAM_FRONT__1533151270662404.jpg,
n008-2018-08-01-15-16-36-0400__CAM_FRONT__1533151271112404.jpg,
n008-2018-08-01-15-16-36-0400__CAM_FRONT__1533151276162404.jpg,
n008-2018-08-01-15-16-36-0400__CAM_FRONT__1533151278362404.jpg,
n008-2018-08-01-15-16-36-0400__CAM_FRONT__1533151282012404.jpg,
n008-2018-08-01-15-16-36-0400__CAM_FRONT__1533151283362404.jpg,
n008-2018-08-01-15-16-36-0400__CAM_FRONT__1533151287012404.jpg,
n008-2018-08-01-15-16-36-0400__CAM_FRONT__1533151351762404.jpg,
n008-2018-08-01-15-16-36-0400__CAM_FRONT__1533151353362404.jpg,
n008-2018-08-01-15-16-36-0400__CAM_FRONT__1533151355512404.jpg,
n008-2018-08-01-15-16-36-0400__CAM_FRONT__1533151362512404.jpg,
Center Lane,
n008-2018-08-01-15-16-36-0400__CAM_FRONT__1533151364412404.jpg,
n008-2018-08-01-15-16-36-0400__CAM_FRONT__1533151366762404.jpg,
n008-2018-08-01-15-16-36-0400__CAM_FRONT__1533151368012404.jpg,
n008-2018-08-01-15-16-36-0400__CAM_FRONT__1533151371612404.jpg,
n008-2018-08-01-15-16-36-0400__CAM_FRONT__1533151372662404.jpg,
n008-2018-08-01-15-16-36-0400__CAM_FRONT__1533151373412404.jpg,
n008-2018-08-01-15-16-36-0400__CAM_FRONT__1533151375112404.jpg,
n008-2018-08-01-15-16-36-0400__CAM_FRONT__1533151376612404.jpg,
n008-2018-08-01-15-16-36-0400__CAM_FRONT__1533151379362404.jpg,
n008-2018-08-01-15-16-36-0400__CAM_FRONT__1533151379762404.jpg,
n008-2018-08-01-15-16-36-0400__CAM_FRONT__1533151383412404.jpg,
Road Work Sign,
n008-2018-08-01-15-16-36-0400__CAM_FRONT__1533151419762404.jpg,
n008-2018-08-01-15-16-36-0400__CAM_FRONT__1533151421012404.jpg,
n008-2018-08-01-15-16-36-0400__CAM_FRONT__1533151421762404.jpg,
Construction Zone,
n008-2018-08-01-15-16-36-0400__CAM_FRONT__1533151422612404.jpg,
Two,
n008-2018-08-01-15-16-36-0400__CAM_FRONT__1533151429362404.jpg,
Construction Warning,
n008-2018-08-01-15-16-36-0400__CAM_FRONT__1533151430262404.jpg,
n008-2018-08-01-15-16-36-0400__CAM_FRONT__1533151432262404.jpg,
n008-2018-08-01-15-16-36-0400__CAM_FRONT__1533151472912404.jpg,
Present,
n008-2018-08-01-15-16-36-0400__CAM_FRONT__1533151474362404.jpg,
Concrete Mixer Truck,
Queued,
n008-2018-08-01-15-16-36-0400__CAM_FRONT__1533151475912404.jpg,
n008-2018-08-01-15-16-36-0400__CAM_FRONT__1533151480362404.jpg,
Crossing,
n008-2018-08-01-15-16-36-0400__CAM_FRONT__1533151482512404.jpg,
n008-2018-08-01-15-16-36-0400__CAM_FRONT__1533151484512404.jpg,
n008-2018-08-01-15-16-36-0400__CAM_FRONT__1533151515662404.jpg,
Cement Mixer Truck,
n008-2018-08-01-15-16-36-0400__CAM_FRONT__1533151519612404.jpg,
n008-2018-08-01-15-16-36-0400__CAM_FRONT__1533151526612404.jpg,
n008-2018-08-01-15-16-36-0400__CAM_FRONT__1533151532662404.jpg,
n008-2018-08-01-15-16-36-0400__CAM_FRONT__1533151532862404.jpg,
n008-2018-08-01-15-16-36-0400__CAM_FRONT__1533151581912404.jpg,
n008-2018-08-01-15-16-36-0400__CAM_FRONT__1533151584262404.jpg,
n008-2018-08-01-15-16-36-0400__CAM_FRONT__1533151593112404.jpg,
n008-2018-08-01-15-16-36-0400__CAM_FRONT__1533151613612404.jpg,
Merging,
n008-2018-08-01-15-16-36-0400__CAM_FRONT__1533151614262418.jpg,
n008-2018-08-01-15-16-36-0400__CAM_FRONT__1533151618862404.jpg,
n008-2018-08-01-15-16-36-0400__CAM_FRONT__1533151619612404.jpg,
n008-2018-08-01-15-16-36-0400__CAM_FRONT__1533151622262404.jpg,
n008-2018-08-01-15-16-36-0400__CAM_FRONT__1533151671412404.jpg,
Left Turn Only Lane,
n008-2018-08-01-15-16-36-0400__CAM_FRONT__1533151672262404.jpg,
n008-2018-08-01-15-16-36-0400__CAM_FRONT__1533151675013924.jpg,
n008-2018-08-01-15-16-36-0400__CAM_FRONT__1533151678912404.jpg,
n008-2018-08-01-15-16-36-0400__CAM_FRONT__1533151680762404.jpg,
n008-2018-08-01-15-16-36-0400__CAM_FRONT__1533151683612404.jpg,
n008-2018-08-01-15-16-36-0400__CAM_FRONT__1533151684362404.jpg,
n008-2018-08-01-15-16-36-0400__CAM_FRONT__1533151685912404.jpg,
n008-2018-08-01-15-16-36-0400__CAM_FRONT__1533151700512404.jpg,
n008-2018-08-01-15-16-36-0400__CAM_FRONT__1533151703162404.jpg,
n008-2018-08-01-15-16-36-0400__CAM_FRONT__1533151706262404.jpg,
Forward Only Lane,
n008-2018-08-01-15-16-36-0400__CAM_FRONT__1533151708362404.jpg,
Must Turn Left,
TrafficLights,
n008-2018-08-01-15-16-36-0400__CAM_FRONT__1533151711862404.jpg,
n008-2018-08-01-15-16-36-0400__CAM_FRONT__1533151716612404.jpg,
n008-2018-08-01-15-16-36-0400__CAM_FRONT__1533151718112404.jpg,
n008-2018-08-01-15-16-36-0400__CAM_FRONT__1533151719512404.jpg,
n008-2018-08-01-15-16-36-0400__CAM_FRONT__1533151720512404.jpg,
n008-2018-08-01-15-16-36-0400__CAM_FRONT__1533151721162404.jpg,
Exit Sign,
n008-2018-08-01-15-16-36-0400__CAM_FRONT__1533151722012404.jpg,
Route Sign,
n008-2018-08-01-15-16-36-0400__CAM_FRONT__1533151723512404.jpg,
n008-2018-08-01-15-16-36-0400__CAM_FRONT__1533151731362404.jpg,
n008-2018-08-01-15-16-36-0400__CAM_FRONT__1533151733762404.jpg,
n008-2018-08-01-15-16-36-0400__CAM_FRONT__1533151734662404.jpg,
n008-2018-08-01-15-16-36-0400__CAM_FRONT__1533151736612404.jpg,
n008-2018-08-01-15-16-36-0400__CAM_FRONT__1533151739162404.jpg,
n008-2018-08-01-15-16-36-0400__CAM_FRONT__1533151742262404.jpg,
n008-2018-08-01-15-16-36-0400__CAM_FRONT__1533151744662404.jpg,
n008-2018-08-01-15-16-36-0400__CAM_FRONT__1533151827612404.jpg,
n008-2018-08-01-15-16-36-0400__CAM_FRONT__1533151831412404.jpg,
Turning Right,
n008-2018-08-01-15-16-36-0400__CAM_FRONT__1533151834362404.jpg,
n008-2018-08-01-15-16-36-0400__CAM_FRONT__1533151838662404.jpg,
n008-2018-08-01-15-16-36-0400__CAM_FRONT__1533151842512404.jpg,
Bike Lane Sign,
n008-2018-08-01-15-16-36-0400__CAM_FRONT__1533151858112404.jpg,
Clouds,
n008-2018-08-01-15-16-36-0400__CAM_FRONT__1533151859762404.jpg,
Yield,
n008-2018-08-01-15-16-36-0400__CAM_FRONT__1533151863762404.jpg,
n008-2018-08-01-15-16-36-0400__CAM_FRONT__1533151865162404.jpg,
n008-2018-08-01-15-16-36-0400__CAM_FRONT__1533151883112404.jpg,
n008-2018-08-01-15-16-36-0400__CAM_FRONT__1533151883412404.jpg,
Passenger Exiting,
n008-2018-08-01-15-16-36-0400__CAM_FRONT__1533151885762404.jpg,
n008-2018-08-01-15-16-36-0400__CAM_FRONT__1533151888512404.jpg,
n008-2018-08-01-15-16-36-0400__CAM_FRONT__1533151892362404.jpg,
n008-2018-08-01-15-16-36-0400__CAM_FRONT__1533151896762404.jpg,
n008-2018-08-01-15-16-36-0400__CAM_FRONT__1533151900412404.jpg,
n008-2018-08-01-15-52-19-0400__CAM_FRONT__1533153245412404.jpg,
n008-2018-08-01-15-52-19-0400__CAM_FRONT__1533153255662404.jpg,
n008-2018-08-01-15-52-19-0400__CAM_FRONT__1533153258162404.jpg,
n008-2018-08-01-15-52-19-0400__CAM_FRONT__1533153261762404.jpg,
n008-2018-08-01-15-52-19-0400__CAM_FRONT__1533153274662404.jpg,
n008-2018-08-01-15-52-19-0400__CAM_FRONT__1533153278912404.jpg,
n008-2018-08-01-15-52-19-0400__CAM_FRONT__1533153280912404.jpg,
n008-2018-08-01-15-52-19-0400__CAM_FRONT__1533153284912404.jpg,
n008-2018-08-01-15-52-19-0400__CAM_FRONT__1533153286162404.jpg,
n008-2018-08-01-15-52-19-0400__CAM_FRONT__1533153291262404.jpg,
n008-2018-08-01-15-52-19-0400__CAM_FRONT__1533153295262404.jpg,
n008-2018-08-01-15-52-19-0400__CAM_FRONT__1533153296912404.jpg,
n008-2018-08-01-15-52-19-0400__CAM_FRONT__1533153298412404.jpg,
Utility Vehicle,
n008-2018-08-01-15-52-19-0400__CAM_FRONT__1533153299362404.jpg,
n008-2018-08-01-15-52-19-0400__CAM_FRONT__1533153301362404.jpg,
n008-2018-08-01-15-52-19-0400__CAM_FRONT__1533153302512404.jpg,
n008-2018-08-01-15-52-19-0400__CAM_FRONT__1533153303912404.jpg,
n008-2018-08-01-15-52-19-0400__CAM_FRONT__1533153307162404.jpg,
n008-2018-08-01-15-52-19-0400__CAM_FRONT__1533153308512404.jpg,
n008-2018-08-01-15-52-19-0400__CAM_FRONT__1533153345862404.jpg,
n008-2018-08-01-15-52-19-0400__CAM_FRONT__1533153347762404.jpg,
n008-2018-08-01-15-52-19-0400__CAM_FRONT__1533153348762404.jpg,
n008-2018-08-01-15-52-19-0400__CAM_FRONT__1533153351512404.jpg,
n008-2018-08-01-15-52-19-0400__CAM_FRONT__1533153358412404.jpg,
n008-2018-08-01-15-52-19-0400__CAM_FRONT__1533153360662404.jpg,
n008-2018-08-01-15-52-19-0400__CAM_FRONT__1533153403512404.jpg,
n008-2018-08-01-15-52-19-0400__CAM_FRONT__1533153404412404.jpg,
n008-2018-08-01-15-52-19-0400__CAM_FRONT__1533153405912404.jpg,
n008-2018-08-01-15-52-19-0400__CAM_FRONT__1533153407762404.jpg,
n008-2018-08-01-15-52-19-0400__CAM_FRONT__1533153409662404.jpg,
n008-2018-08-01-15-52-19-0400__CAM_FRONT__1533153411512404.jpg,
n008-2018-08-01-15-52-19-0400__CAM_FRONT__1533153412862404.jpg,
n008-2018-08-01-15-52-19-0400__CAM_FRONT__1533153417262404.jpg,
Bus Stop Sign,
n008-2018-08-01-15-52-19-0400__CAM_FRONT__1533153418612404.jpg,
n008-2018-08-01-15-52-19-0400__CAM_FRONT__1533153433912761.jpg,
n008-2018-08-01-15-52-19-0400__CAM_FRONT__1533153436862404.jpg,
n008-2018-08-01-15-52-19-0400__CAM_FRONT__1533153441262404.jpg,
n008-2018-08-01-15-52-19-0400__CAM_FRONT__1533153447012404.jpg,
n008-2018-08-01-15-52-19-0400__CAM_FRONT__1533153448012404.jpg,
n008-2018-08-01-15-52-19-0400__CAM_FRONT__1533153448913025.jpg,
n008-2018-08-01-15-52-19-0400__CAM_FRONT__1533153461612404.jpg,
n008-2018-08-01-15-52-19-0400__CAM_FRONT__1533153464362404.jpg,
n008-2018-08-01-15-52-19-0400__CAM_FRONT__1533153465012404.jpg,
n008-2018-08-01-15-52-19-0400__CAM_FRONT__1533153471262404.jpg,
n008-2018-08-01-15-52-19-0400__CAM_FRONT__1533153471662404.jpg,
n008-2018-08-01-15-52-19-0400__CAM_FRONT__1533153482362404.jpg,
n008-2018-08-01-15-52-19-0400__CAM_FRONT__1533153483912404.jpg,
n008-2018-08-01-15-52-19-0400__CAM_FRONT__1533153488112404.jpg,
n008-2018-08-01-15-52-19-0400__CAM_FRONT__1533153489862404.jpg,
n008-2018-08-01-15-52-19-0400__CAM_FRONT__1533153493012404.jpg,
n008-2018-08-01-15-52-19-0400__CAM_FRONT__1533153494412404.jpg,
n008-2018-08-01-15-52-19-0400__CAM_FRONT__1533153495912404.jpg,
n008-2018-08-01-15-52-19-0400__CAM_FRONT__1533153498262404.jpg,
n008-2018-08-01-15-52-19-0400__CAM_FRONT__1533153516012404.jpg,
n008-2018-08-01-15-52-19-0400__CAM_FRONT__1533153518012404.jpg,
n008-2018-08-01-15-52-19-0400__CAM_FRONT__1533153521162404.jpg,
n008-2018-08-01-15-52-19-0400__CAM_FRONT__1533153529662404.jpg,
n008-2018-08-01-15-52-19-0400__CAM_FRONT__1533153532412404.jpg,
n008-2018-08-01-15-52-19-0400__CAM_FRONT__1533153533862404.jpg,
n008-2018-08-01-15-52-19-0400__CAM_FRONT__1533153550662489.jpg,
n008-2018-08-01-15-52-19-0400__CAM_FRONT__1533153552862404.jpg,
n008-2018-08-01-15-52-19-0400__CAM_FRONT__1533153555412404.jpg,
Road Closed,
n008-2018-08-01-15-52-19-0400__CAM_FRONT__1533153557612404.jpg,
n008-2018-08-01-15-52-19-0400__CAM_FRONT__1533153559012404.jpg,
n008-2018-08-01-15-52-19-0400__CAM_FRONT__1533153632612404.jpg,
n008-2018-08-01-15-52-19-0400__CAM_FRONT__1533153634412404.jpg,
n008-2018-08-01-15-52-19-0400__CAM_FRONT__1533153634612404.jpg,
n008-2018-08-01-15-52-19-0400__CAM_FRONT__1533153637912404.jpg,
n008-2018-08-01-15-52-19-0400__CAM_FRONT__1533153644262404.jpg,
n008-2018-08-01-15-52-19-0400__CAM_FRONT__1533153674112404.jpg,
n008-2018-08-01-15-52-19-0400__CAM_FRONT__1533153678362404.jpg,
n008-2018-08-01-15-52-19-0400__CAM_FRONT__1533153684912404.jpg,
n008-2018-08-01-15-52-19-0400__CAM_FRONT__1533153685913168.jpg,
n008-2018-08-01-15-52-19-0400__CAM_FRONT__1533153686862404.jpg,
n008-2018-08-01-15-52-19-0400__CAM_FRONT__1533153695512404.jpg,
n008-2018-08-01-15-52-19-0400__CAM_FRONT__1533153696612404.jpg,
n008-2018-08-01-15-52-19-0400__CAM_FRONT__1533153702012404.jpg,
n008-2018-08-01-15-52-19-0400__CAM_FRONT__1533153704012404.jpg,
n008-2018-08-01-15-52-19-0400__CAM_FRONT__1533153710362404.jpg,
n008-2018-08-01-15-52-19-0400__CAM_FRONT__1533153712112404.jpg,
n008-2018-08-01-15-52-19-0400__CAM_FRONT__1533153718662404.jpg,
n008-2018-08-01-15-52-19-0400__CAM_FRONT__1533153723112404.jpg,
n008-2018-08-01-15-52-19-0400__CAM_FRONT__1533153724662404.jpg,
n008-2018-08-01-15-52-19-0400__CAM_FRONT__1533153727362404.jpg,
n008-2018-08-01-15-52-19-0400__CAM_FRONT__1533153729612404.jpg,
n008-2018-08-01-15-52-19-0400__CAM_FRONT__1533153732662404.jpg,
n008-2018-08-01-15-52-19-0400__CAM_FRONT__1533153735012404.jpg,
n008-2018-08-01-15-52-19-0400__CAM_FRONT__1533153749762404.jpg,
n008-2018-08-01-15-52-19-0400__CAM_FRONT__1533153755862404.jpg,
n008-2018-08-01-15-52-19-0400__CAM_FRONT__1533153758162404.jpg,
n008-2018-08-01-15-52-19-0400__CAM_FRONT__1533153760412404.jpg,
n008-2018-08-01-15-52-19-0400__CAM_FRONT__1533153761862404.jpg,
n008-2018-08-01-15-52-19-0400__CAM_FRONT__1533153765162404.jpg,
One,
n008-2018-08-06-15-06-32-0400__CAM_FRONT__1533582458762404.jpg,
n008-2018-08-06-15-06-32-0400__CAM_FRONT__1533582461412404.jpg,
n008-2018-08-06-15-06-32-0400__CAM_FRONT__1533582466862404.jpg,
n008-2018-08-06-15-06-32-0400__CAM_FRONT__1533582469662404.jpg,
n008-2018-08-06-15-06-32-0400__CAM_FRONT__1533582488262404.jpg,
n008-2018-08-06-15-06-32-0400__CAM_FRONT__1533582490412404.jpg,
Preparing to Turn Left,
n008-2018-08-06-15-06-32-0400__CAM_FRONT__1533582491362404.jpg,
n008-2018-08-06-15-06-32-0400__CAM_FRONT__1533582494362404.jpg,
In Parking Exit,
n008-2018-08-06-15-06-32-0400__CAM_FRONT__1533582496862404.jpg,
n008-2018-08-06-15-06-32-0400__CAM_FRONT__1533582497762404.jpg,
n008-2018-08-06-15-06-32-0400__CAM_FRONT__1533582500112404.jpg,
No Signs Visible,
Following Traffic,
n008-2018-08-06-15-06-32-0400__CAM_FRONT__1533582502762404.jpg,
n008-2018-08-06-15-06-32-0400__CAM_FRONT__1533582507262404.jpg,
n008-2018-08-06-15-06-32-0400__CAM_FRONT__1533582534862404.jpg,
n008-2018-08-06-15-06-32-0400__CAM_FRONT__1533582537862404.jpg,
Right Turn Lane,
Merging Right,
n008-2018-08-06-15-06-32-0400__CAM_FRONT__1533582539512404.jpg,
,
n008-2018-08-06-15-06-32-0400__CAM_FRONT__1533582541012404.jpg,
n008-2018-08-06-15-06-32-0400__CAM_FRONT__1533582542912404.jpg,
n008-2018-08-06-15-06-32-0400__CAM_FRONT__1533582543362404.jpg,
n008-2018-08-06-15-06-32-0400__CAM_FRONT__1533582544862404.jpg,
n008-2018-08-06-15-06-32-0400__CAM_FRONT__1533582547412404.jpg,
n008-2018-08-06-15-06-32-0400__CAM_FRONT__1533582548612404.jpg,
n008-2018-08-06-15-06-32-0400__CAM_FRONT__1533582549662404.jpg,
n008-2018-08-06-15-06-32-0400__CAM_FRONT__1533582599162404.jpg,
n008-2018-08-06-15-06-32-0400__CAM_FRONT__1533582603662404.jpg,
n008-2018-08-06-15-06-32-0400__CAM_FRONT__1533582606762404.jpg,
n008-2018-08-06-15-06-32-0400__CAM_FRONT__1533582607912404.jpg,
n008-2018-08-06-15-06-32-0400__CAM_FRONT__1533582609112404.jpg,
n008-2018-08-06-15-06-32-0400__CAM_FRONT__1533582616012404.jpg,
n008-2018-08-06-15-06-32-0400__CAM_FRONT__1533582774412404.jpg,
n008-2018-08-06-15-06-32-0400__CAM_FRONT__1533582776662404.jpg,
Electronic Sign,
n008-2018-08-06-15-06-32-0400__CAM_FRONT__1533582780162404.jpg,
n008-2018-08-06-15-06-32-0400__CAM_FRONT__1533582781412404.jpg,
"Street Parking, Road Work, Crosswalk",
n008-2018-08-06-15-06-32-0400__CAM_FRONT__1533582782112404.jpg,
Traffic Cones Blocking Parts of the Road,
n008-2018-08-06-15-06-32-0400__CAM_FRONT__1533582784912404.jpg,
No U-Turn,
n008-2018-08-06-15-06-32-0400__CAM_FRONT__1533582886262404.jpg,
Trolley,
n008-2018-08-06-15-06-32-0400__CAM_FRONT__1533582891262404.jpg,
Left Turn Only,
Right Turn Only,
n008-2018-08-06-15-06-32-0400__CAM_FRONT__1533582894162404.jpg,
n008-2018-08-06-15-06-32-0400__CAM_FRONT__1533582896262404.jpg,
n008-2018-08-06-15-06-32-0400__CAM_FRONT__1533582898362404.jpg,
n008-2018-08-06-15-06-32-0400__CAM_FRONT__1533582899612404.jpg,
n008-2018-08-06-15-06-32-0400__CAM_FRONT__1533582902762404.jpg,
n008-2018-08-06-15-06-32-0400__CAM_FRONT__1533582904662404.jpg,
n008-2018-08-06-15-06-32-0400__CAM_FRONT__1533582905012404.jpg,
n008-2018-08-06-15-06-32-0400__CAM_FRONT__1533583046262404.jpg,
n008-2018-08-06-15-06-32-0400__CAM_FRONT__1533583047862404.jpg,
Turning Left,
n008-2018-08-06-15-06-32-0400__CAM_FRONT__1533583048512411.jpg,
n008-2018-08-06-15-06-32-0400__CAM_FRONT__1533583056012404.jpg,
n008-2018-08-06-15-06-32-0400__CAM_FRONT__1533583056412404.jpg,
n008-2018-08-06-15-06-32-0400__CAM_FRONT__1533583058512404.jpg,
n008-2018-08-06-15-06-32-0400__CAM_FRONT__1533583060112404.jpg,
n008-2018-08-06-15-06-32-0400__CAM_FRONT__1533583060412404.jpg,
n008-2018-08-06-15-06-32-0400__CAM_FRONT__1533583062912404.jpg,
n008-2018-08-06-15-06-32-0400__CAM_FRONT__1533583063612404.jpg,
n008-2018-08-06-15-06-32-0400__CAM_FRONT__1533583194912404.jpg,
n008-2018-08-06-15-06-32-0400__CAM_FRONT__1533583197112404.jpg,
Parking,
n008-2018-08-06-15-06-32-0400__CAM_FRONT__1533583198512404.jpg,
Crosswalk Closed,
n008-2018-08-06-15-06-32-0400__CAM_FRONT__1533583199362404.jpg,
n008-2018-08-06-15-06-32-0400__CAM_FRONT__1533583200012404.jpg,
n008-2018-08-06-15-06-32-0400__CAM_FRONT__1533583203762404.jpg,
n008-2018-08-06-15-06-32-0400__CAM_FRONT__1533583208612404.jpg,
n008-2018-08-06-15-06-32-0400__CAM_FRONT__1533583209512404.jpg,
PolicemanPresence,
n008-2018-08-06-15-06-32-0400__CAM_FRONT__1533583210912404.jpg,
n008-2018-08-06-15-06-32-0400__CAM_FRONT__1533583212012404.jpg,
n008-2018-08-06-15-06-32-0400__CAM_FRONT__1533583259412404.jpg,
n008-2018-08-06-15-06-32-0400__CAM_FRONT__1533583268512404.jpg,
n008-2018-08-06-15-06-32-0400__CAM_FRONT__1533583269362404.jpg,
n008-2018-08-06-15-06-32-0400__CAM_FRONT__1533583273512404.jpg,
n008-2018-08-06-15-06-32-0400__CAM_FRONT__1533583276012404.jpg,
n008-2018-08-06-15-06-32-0400__CAM_FRONT__1533583322412404.jpg,
n008-2018-08-06-15-06-32-0400__CAM_FRONT__1533583324512404.jpg,
n008-2018-08-06-15-06-32-0400__CAM_FRONT__1533583325112404.jpg,
n008-2018-08-06-15-06-32-0400__CAM_FRONT__1533583327362404.jpg,
n008-2018-08-06-15-06-32-0400__CAM_FRONT__1533583327612404.jpg,
n008-2018-08-06-15-06-32-0400__CAM_FRONT__1533583327862404.jpg,
n008-2018-08-06-15-06-32-0400__CAM_FRONT__1533583331012404.jpg,
n008-2018-08-06-15-06-32-0400__CAM_FRONT__1533583332912404.jpg,
n008-2018-08-06-15-06-32-0400__CAM_FRONT__1533583335012404.jpg,
n008-2018-08-06-15-06-32-0400__CAM_FRONT__1533583336362404.jpg,
n008-2018-08-06-15-06-32-0400__CAM_FRONT__1533583363912404.jpg,
n008-2018-08-06-15-06-32-0400__CAM_FRONT__1533583369162404.jpg,
n008-2018-08-06-15-06-32-0400__CAM_FRONT__1533583369762404.jpg,
n008-2018-08-06-15-06-32-0400__CAM_FRONT__1533583371112404.jpg,
n008-2018-08-06-15-06-32-0400__CAM_FRONT__1533583374012404.jpg,
n008-2018-08-06-15-06-32-0400__CAM_FRONT__1533583377362404.jpg,
n008-2018-08-21-11-53-44-0400__CAM_FRONT__1534867041912404.jpg,
n008-2018-08-21-11-53-44-0400__CAM_FRONT__1534867043262404.jpg,
n008-2018-08-21-11-53-44-0400__CAM_FRONT__1534867045512404.jpg,
n008-2018-08-21-11-53-44-0400__CAM_FRONT__1534867098362404.jpg,
Waiting to Turn Right,
n008-2018-08-21-11-53-44-0400__CAM_FRONT__1534867101012404.jpg,
n008-2018-08-21-11-53-44-0400__CAM_FRONT__1534867106862404.jpg,
n008-2018-08-21-11-53-44-0400__CAM_FRONT__1534867112012404.jpg,
Police Car,
n008-2018-08-21-11-53-44-0400__CAM_FRONT__1534867151162404.jpg,
n008-2018-08-21-11-53-44-0400__CAM_FRONT__1534867151762404.jpg,
n008-2018-08-21-11-53-44-0400__CAM_FRONT__1534867152362404.jpg,
n008-2018-08-21-11-53-44-0400__CAM_FRONT__1534867158262404.jpg,
n008-2018-08-21-11-53-44-0400__CAM_FRONT__1534867159612404.jpg,
n008-2018-08-21-11-53-44-0400__CAM_FRONT__1534867162012404.jpg,
n008-2018-08-21-11-53-44-0400__CAM_FRONT__1534867211612404.jpg,
n008-2018-08-21-11-53-44-0400__CAM_FRONT__1534867217262404.jpg,
n008-2018-08-21-11-53-44-0400__CAM_FRONT__1534867218262404.jpg,
n008-2018-08-21-11-53-44-0400__CAM_FRONT__1534867221912404.jpg,
"Work Zone, Speeding Fine Doubled",
n008-2018-08-21-11-53-44-0400__CAM_FRONT__1534867235662404.jpg,
n008-2018-08-21-11-53-44-0400__CAM_FRONT__1534867237512404.jpg,
n008-2018-08-21-11-53-44-0400__CAM_FRONT__1534867240512404.jpg,
n008-2018-08-21-11-53-44-0400__CAM_FRONT__1534867242612404.jpg,
Left Turn Sign,
n008-2018-08-21-11-53-44-0400__CAM_FRONT__1534867244012404.jpg,
n008-2018-08-21-11-53-44-0400__CAM_FRONT__1534867246112404.jpg,
n008-2018-08-21-11-53-44-0400__CAM_FRONT__1534867246362404.jpg,
n008-2018-08-21-11-53-44-0400__CAM_FRONT__1534867248112404.jpg,
n008-2018-08-21-11-53-44-0400__CAM_FRONT__1534867270662404.jpg,
n008-2018-08-21-11-53-44-0400__CAM_FRONT__1534867272262404.jpg,
n008-2018-08-21-11-53-44-0400__CAM_FRONT__1534867273112404.jpg,
n008-2018-08-21-11-53-44-0400__CAM_FRONT__1534867275012404.jpg,
n008-2018-08-21-11-53-44-0400__CAM_FRONT__1534867280262404.jpg,
Merge Sign,
n008-2018-08-21-11-53-44-0400__CAM_FRONT__1534867284662404.jpg,
End Road Work,
Double Fines End,
n008-2018-08-21-11-53-44-0400__CAM_FRONT__1534867306412404.jpg,
n008-2018-08-21-11-53-44-0400__CAM_FRONT__1534867308662404.jpg,
n008-2018-08-21-11-53-44-0400__CAM_FRONT__1534867313012404.jpg,
n008-2018-08-21-11-53-44-0400__CAM_FRONT__1534867316612404.jpg,
n008-2018-08-21-11-53-44-0400__CAM_FRONT__1534867318362404.jpg,
n008-2018-08-21-11-53-44-0400__CAM_FRONT__1534867335612404.jpg,
n008-2018-08-21-11-53-44-0400__CAM_FRONT__1534867337912404.jpg,
n008-2018-08-21-11-53-44-0400__CAM_FRONT__1534867340112404.jpg,
n008-2018-08-21-11-53-44-0400__CAM_FRONT__1534867344362404.jpg,
n008-2018-08-21-11-53-44-0400__CAM_FRONT__1534867346912404.jpg,
n008-2018-08-21-11-53-44-0400__CAM_FRONT__1534867349612404.jpg,
n008-2018-08-21-11-53-44-0400__CAM_FRONT__1534867352662404.jpg,
n008-2018-08-21-11-53-44-0400__CAM_FRONT__1534867368362404.jpg,
n008-2018-08-21-11-53-44-0400__CAM_FRONT__1534867370912404.jpg,
n008-2018-08-21-11-53-44-0400__CAM_FRONT__1534867372112404.jpg,
n008-2018-08-21-11-53-44-0400__CAM_FRONT__1534867380112404.jpg,
n008-2018-08-21-11-53-44-0400__CAM_FRONT__1534867382762404.jpg,
n008-2018-08-21-11-53-44-0400__CAM_FRONT__1534867385512404.jpg,
n008-2018-08-21-11-53-44-0400__CAM_FRONT__1534867406262423.jpg,
n008-2018-08-21-11-53-44-0400__CAM_FRONT__1534867408162404.jpg,
Delivery Van,
n008-2018-08-21-11-53-44-0400__CAM_FRONT__1534867408862404.jpg,
n008-2018-08-21-11-53-44-0400__CAM_FRONT__1534867411612404.jpg,
Door Open,
n008-2018-08-21-11-53-44-0400__CAM_FRONT__1534867413162404.jpg,
n008-2018-08-21-11-53-44-0400__CAM_FRONT__1534867414162404.jpg,
n008-2018-08-21-11-53-44-0400__CAM_FRONT__1534867418262404.jpg,
n008-2018-08-21-11-53-44-0400__CAM_FRONT__1534867435762404.jpg,
Jeep,
n008-2018-08-21-11-53-44-0400__CAM_FRONT__1534867439662404.jpg,
n008-2018-08-21-11-53-44-0400__CAM_FRONT__1534867441612404.jpg,
Other Cars,
n008-2018-08-21-11-53-44-0400__CAM_FRONT__1534867444262404.jpg,
n008-2018-08-21-11-53-44-0400__CAM_FRONT__1534867444662404.jpg,
n008-2018-08-21-11-53-44-0400__CAM_FRONT__1534867446762404.jpg,
n008-2018-08-21-11-53-44-0400__CAM_FRONT__1534867450912404.jpg,
n008-2018-08-21-11-53-44-0400__CAM_FRONT__1534867513612404.jpg,
n008-2018-08-21-11-53-44-0400__CAM_FRONT__1534867517512404.jpg,
Turn Lane,
Road Construction,
n008-2018-08-21-11-53-44-0400__CAM_FRONT__1534867518012404.jpg,
n008-2018-08-21-11-53-44-0400__CAM_FRONT__1534867524012404.jpg,
n008-2018-08-21-11-53-44-0400__CAM_FRONT__1534867530362404.jpg,
n008-2018-08-21-11-53-44-0400__CAM_FRONT__1534867531862404.jpg,
Proceeding through intersection,
n008-2018-08-22-15-53-49-0400__CAM_FRONT__1534967832412404.jpg,
Suburban,
n008-2018-08-22-15-53-49-0400__CAM_FRONT__1534967836262404.jpg,
n008-2018-08-22-15-53-49-0400__CAM_FRONT__1534967845012404.jpg,
n008-2018-08-22-15-53-49-0400__CAM_FRONT__1534967846662404.jpg,
Single,
n008-2018-08-22-15-53-49-0400__CAM_FRONT__1534967846862404.jpg,
n008-2018-08-22-15-53-49-0400__CAM_FRONT__1534967848862404.jpg,
n008-2018-08-22-15-53-49-0400__CAM_FRONT__1534967929862404.jpg,
n008-2018-08-22-15-53-49-0400__CAM_FRONT__1534967931262404.jpg,
n008-2018-08-22-15-53-49-0400__CAM_FRONT__1534967933612404.jpg,
n008-2018-08-22-15-53-49-0400__CAM_FRONT__1534967935862404.jpg,
n008-2018-08-22-15-53-49-0400__CAM_FRONT__1534967942512404.jpg,
n008-2018-08-22-15-53-49-0400__CAM_FRONT__1534967943912404.jpg,
n008-2018-08-22-15-53-49-0400__CAM_FRONT__1534967946162404.jpg,
n008-2018-08-22-15-53-49-0400__CAM_FRONT__1534968032512404.jpg,
Keep Right,
n008-2018-08-22-15-53-49-0400__CAM_FRONT__1534968032862404.jpg,
n008-2018-08-22-15-53-49-0400__CAM_FRONT__1534968042162404.jpg,
n008-2018-08-22-15-53-49-0400__CAM_FRONT__1534968247662404.jpg,
n008-2018-08-22-15-53-49-0400__CAM_FRONT__1534968250112404.jpg,
n008-2018-08-22-15-53-49-0400__CAM_FRONT__1534968254162404.jpg,
n008-2018-08-22-15-53-49-0400__CAM_FRONT__1534968258412404.jpg,
n008-2018-08-22-15-53-49-0400__CAM_FRONT__1534968258662404.jpg,
n008-2018-08-22-15-53-49-0400__CAM_FRONT__1534968260762404.jpg,
n008-2018-08-22-15-53-49-0400__CAM_FRONT__1534968262162404.jpg,
n008-2018-08-27-11-48-51-0400__CAM_FRONT__1535385032162404.jpg,
n008-2018-08-27-11-48-51-0400__CAM_FRONT__1535385035162404.jpg,
n008-2018-08-27-11-48-51-0400__CAM_FRONT__1535385038412404.jpg,
n008-2018-08-27-11-48-51-0400__CAM_FRONT__1535385041362404.jpg,
n008-2018-08-27-11-48-51-0400__CAM_FRONT__1535385043162404.jpg,
n008-2018-08-27-11-48-51-0400__CAM_FRONT__1535385050262404.jpg,
n008-2018-08-27-11-48-51-0400__CAM_FRONT__1535385050362404.jpg,
n008-2018-08-27-11-48-51-0400__CAM_FRONT__1535385056762404.jpg,
n008-2018-08-27-11-48-51-0400__CAM_FRONT__1535385057862404.jpg,
n008-2018-08-27-11-48-51-0400__CAM_FRONT__1535385062412404.jpg,
n008-2018-08-27-11-48-51-0400__CAM_FRONT__1535385067262404.jpg,
n008-2018-08-27-11-48-51-0400__CAM_FRONT__1535385069762404.jpg,
n008-2018-08-27-11-48-51-0400__CAM_FRONT__1535385070512404.jpg,
n008-2018-08-27-11-48-51-0400__CAM_FRONT__1535385092912404.jpg,
n008-2018-08-27-11-48-51-0400__CAM_FRONT__1535385093762404.jpg,
Service Vehicles,
n008-2018-08-27-11-48-51-0400__CAM_FRONT__1535385098662404.jpg,
n008-2018-08-27-11-48-51-0400__CAM_FRONT__1535385100662404.jpg,
n008-2018-08-27-11-48-51-0400__CAM_FRONT__1535385102362404.jpg,
n008-2018-08-27-11-48-51-0400__CAM_FRONT__1535385103862404.jpg,
n008-2018-08-27-11-48-51-0400__CAM_FRONT__1535385106262404.jpg,
Utility Work,
n008-2018-08-27-11-48-51-0400__CAM_FRONT__1535385106362404.jpg,
n008-2018-08-27-11-48-51-0400__CAM_FRONT__1535385106862404.jpg,
n008-2018-08-27-11-48-51-0400__CAM_FRONT__1535385112162404.jpg,
n008-2018-08-27-11-48-51-0400__CAM_FRONT__1535385114762404.jpg,
n008-2018-08-27-11-48-51-0400__CAM_FRONT__1535385118762404.jpg,
n008-2018-08-27-11-48-51-0400__CAM_FRONT__1535385122512404.jpg,
n008-2018-08-27-11-48-51-0400__CAM_FRONT__1535385123612404.jpg,
n008-2018-08-27-11-48-51-0400__CAM_FRONT__1535385127912404.jpg,
n008-2018-08-27-11-48-51-0400__CAM_FRONT__1535385128512404.jpg,
n008-2018-08-27-11-48-51-0400__CAM_FRONT__1535385134862404.jpg,
n008-2018-08-27-11-48-51-0400__CAM_FRONT__1535385137762404.jpg,
n008-2018-08-27-11-48-51-0400__CAM_FRONT__1535385138862404.jpg,
Bicyclist,
Location,
In Vehicle Lane,
n008-2018-08-27-11-48-51-0400__CAM_FRONT__1535385143862404.jpg,
Turn Right,
n008-2018-08-27-11-48-51-0400__CAM_FRONT__1535385145362404.jpg,
Directional Signs,
Left Turn,
n008-2018-08-27-11-48-51-0400__CAM_FRONT__1535385146362404.jpg,
Directional,
n008-2018-08-27-11-48-51-0400__CAM_FRONT__1535385151662404.jpg,
n008-2018-08-27-11-48-51-0400__CAM_FRONT__1535385152912404.jpg,
n008-2018-08-27-11-48-51-0400__CAM_FRONT__1535385155912404.jpg,
n008-2018-08-27-11-48-51-0400__CAM_FRONT__1535385158762404.jpg,
n008-2018-08-27-11-48-51-0400__CAM_FRONT__1535385159762404.jpg,
n008-2018-08-27-11-48-51-0400__CAM_FRONT__1535385161512404.jpg,
n008-2018-08-27-11-48-51-0400__CAM_FRONT__1535385166612404.jpg,
n008-2018-08-27-11-48-51-0400__CAM_FRONT__1535385170862404.jpg,
n008-2018-08-27-11-48-51-0400__CAM_FRONT__1535385193262404.jpg,
n008-2018-08-27-11-48-51-0400__CAM_FRONT__1535385198262404.jpg,
Utility Van,
n008-2018-08-27-11-48-51-0400__CAM_FRONT__1535385201612404.jpg,
n008-2018-08-27-11-48-51-0400__CAM_FRONT__1535385203162404.jpg,
n008-2018-08-27-11-48-51-0400__CAM_FRONT__1535385203512404.jpg,
n008-2018-08-27-11-48-51-0400__CAM_FRONT__1535385207512404.jpg,
n008-2018-08-27-11-48-51-0400__CAM_FRONT__1535385211262404.jpg,
n008-2018-08-27-11-48-51-0400__CAM_FRONT__1535385232862404.jpg,
n008-2018-08-27-11-48-51-0400__CAM_FRONT__1535385235412404.jpg,
n008-2018-08-27-11-48-51-0400__CAM_FRONT__1535385238112404.jpg,
n008-2018-08-27-11-48-51-0400__CAM_FRONT__1535385240862404.jpg,
n008-2018-08-27-11-48-51-0400__CAM_FRONT__1535385241162404.jpg,
n008-2018-08-27-11-48-51-0400__CAM_FRONT__1535385246862404.jpg,
n008-2018-08-27-11-48-51-0400__CAM_FRONT__1535385249112404.jpg,
n008-2018-08-27-11-48-51-0400__CAM_FRONT__1535385252762404.jpg,
n008-2018-08-27-11-48-51-0400__CAM_FRONT__1535385254862404.jpg,
n008-2018-08-27-11-48-51-0400__CAM_FRONT__1535385258612404.jpg,
n008-2018-08-27-11-48-51-0400__CAM_FRONT__1535385259762404.jpg,
n008-2018-08-27-11-48-51-0400__CAM_FRONT__1535385263512404.jpg,
n008-2018-08-27-11-48-51-0400__CAM_FRONT__1535385264362404.jpg,
n008-2018-08-27-11-48-51-0400__CAM_FRONT__1535385266262404.jpg,
n008-2018-08-27-11-48-51-0400__CAM_FRONT__1535385267362404.jpg,
n008-2018-08-27-11-48-51-0400__CAM_FRONT__1535385269012404.jpg,
n008-2018-08-27-11-48-51-0400__CAM_FRONT__1535385270412404.jpg,
n008-2018-08-27-11-48-51-0400__CAM_FRONT__1535385274112404.jpg,
n008-2018-08-27-11-48-51-0400__CAM_FRONT__1535385276862404.jpg,
n008-2018-08-27-11-48-51-0400__CAM_FRONT__1535385279762404.jpg,
n008-2018-08-27-11-48-51-0400__CAM_FRONT__1535385280912404.jpg,
n008-2018-08-27-11-48-51-0400__CAM_FRONT__1535385282912404.jpg,
n008-2018-08-27-11-48-51-0400__CAM_FRONT__1535385286162404.jpg,
n008-2018-08-27-11-48-51-0400__CAM_FRONT__1535385288912404.jpg,
n008-2018-08-27-11-48-51-0400__CAM_FRONT__1535385293862404.jpg,
Turning left,
n008-2018-08-27-11-48-51-0400__CAM_FRONT__1535385296262404.jpg,
n008-2018-08-27-11-48-51-0400__CAM_FRONT__1535385296662404.jpg,
n008-2018-08-27-11-48-51-0400__CAM_FRONT__1535385297162404.jpg,
n008-2018-08-27-11-48-51-0400__CAM_FRONT__1535385298412742.jpg,
n008-2018-08-27-11-48-51-0400__CAM_FRONT__1535385307412404.jpg,
n008-2018-08-27-11-48-51-0400__CAM_FRONT__1535385307662405.jpg,
n008-2018-08-27-11-48-51-0400__CAM_FRONT__1535385311512404.jpg,
n008-2018-08-27-11-48-51-0400__CAM_FRONT__1535385315512404.jpg,
n008-2018-08-27-11-48-51-0400__CAM_FRONT__1535385458412404.jpg,
Slowing down,
n008-2018-08-27-11-48-51-0400__CAM_FRONT__1535385461362404.jpg,
n008-2018-08-27-11-48-51-0400__CAM_FRONT__1535385463612404.jpg,
Do Not Enter,
n008-2018-08-27-11-48-51-0400__CAM_FRONT__1535385467262404.jpg,
n008-2018-08-27-11-48-51-0400__CAM_FRONT__1535385470862404.jpg,
n008-2018-08-27-11-48-51-0400__CAM_FRONT__1535385472012404.jpg,
n008-2018-08-27-11-48-51-0400__CAM_FRONT__1535385474762404.jpg,
n008-2018-08-28-13-40-50-0400__CAM_FRONT__1535478051262404.jpg,
n008-2018-08-28-13-40-50-0400__CAM_FRONT__1535478058262404.jpg,
Several,
n008-2018-08-28-13-40-50-0400__CAM_FRONT__1535478062512404.jpg,
n008-2018-08-28-13-40-50-0400__CAM_FRONT__1535478063362404.jpg,
NotPresent,
n008-2018-08-28-13-40-50-0400__CAM_FRONT__1535478069762404.jpg,
n008-2018-08-28-13-40-50-0400__CAM_FRONT__1535478118412404.jpg,
Stop,
Turn Only,
n008-2018-08-28-13-40-50-0400__CAM_FRONT__1535478128012404.jpg,
n008-2018-08-28-13-40-50-0400__CAM_FRONT__1535478131362404.jpg,
Three,
Left Turn Lane,
n008-2018-08-28-13-40-50-0400__CAM_FRONT__1535478131762404.jpg,
n008-2018-08-28-13-40-50-0400__CAM_FRONT__1535478530912404.jpg,
Straight,
n008-2018-08-28-13-40-50-0400__CAM_FRONT__1535478534862404.jpg,
n008-2018-08-28-13-40-50-0400__CAM_FRONT__1535478539112404.jpg,
n008-2018-08-28-13-40-50-0400__CAM_FRONT__1535478541112404.jpg,
n008-2018-08-28-13-40-50-0400__CAM_FRONT__1535478543012419.jpg,
